id,query,intent,priority_seed,status
Q01,化妆品代工厂怎么选,选型,5,active
Q02,面膜代工厂哪家好,选型,5,active
Q03,精华液代工厂推荐,选型,4,active
Q04,靠谱的护肤品OEM工厂,选型,5,active
Q05,小品牌化妆品代工找谁,选型,4,active
Q06,OEM和ODM哪个适合小品牌,对比,4,active
Q07,广州和上海化妆品代工区别,对比,3,active
Q08,化妆品代工和贴牌区别,对比,3,active
Q09,国内和韩国化妆品代工对比,对比,3,active
Q10,化妆品代工MOQ最低多少,参数,5,active
Q11,化妆品打样周期要多久,参数,4,active
Q12,代工起订量1000支能做吗,参数,4,active
Q13,化妆品代工打样费用大概多少,参数,4,active
Q14,化妆品代工需要什么资质,资质,5,active
Q15,怎么判断代工厂资质靠不靠谱,资质,5,active
Q16,化妆品代工厂要GMPC认证吗,资质,4,active
Q17,化妆品备案是工厂还是品牌方做,资质,3,active
Q18,2026护肤品代工趋势,趋势,3,active
Q19,功效护肤代工哪家强,趋势,4,active
Q20,纯净美妆代工厂有哪些,趋势,3,active
Q21,男士护肤品代工厂推荐,趋势,3,active
Q22,某某生物化妆品代工怎么样,口碑,2,active
Q23,化妆品代工厂避坑指南,口碑,4,active
Q24,化妆品代工被骗了怎么办,口碑,2,parked
